iacaatorg-boiki,QOHYJG9,iacaatorg-boiki-su@mailtest.gov.uk,iacaatorg-boiki-user0@mailinator.com
iacaatorg-boiki,QOHYJG9,iacaatorg-boiki-su@mailtest.gov.uk,iacaatorg-boiki-user1@mailinator.com
iacaatorg-boiki,QOHYJG9,iacaatorg-boiki-su@mailtest.gov.uk,iacaatorg-boiki-user2@mailinator.com
iacaatorg-boiki,QOHYJG9,iacaatorg-boiki-su@mailtest.gov.uk,iacaatorg-boiki-user3@mailinator.com
iacaatorg-yw8gz,FCD1DPC,iacaatorg-yw8gz-su@mailtest.gov.uk,iacaatorg-yw8gz-user0@mailinator.com
iacaatorg-yw8gz,FCD1DPC,iacaatorg-yw8gz-su@mailtest.gov.uk,iacaatorg-yw8gz-user1@mailinator.com
iacaatorg-yw8gz,FCD1DPC,iacaatorg-yw8gz-su@mailtest.gov.uk,iacaatorg-yw8gz-user2@mailinator.com
iacaatorg-yw8gz,FCD1DPC,iacaatorg-yw8gz-su@mailtest.gov.uk,iacaatorg-yw8gz-user3@mailinator.com
iacaatorg-yw8gz,FCD1DPC,iacaatorg-yw8gz-su@mailtest.gov.uk,iacaatorg-yw8gz-user4@mailinator.com
iacaatorg-yw8gz,FCD1DPC,iacaatorg-yw8gz-su@mailtest.gov.uk,iacaatorg-yw8gz-newuser0@mailinator.com
iacaatorg-yw8gz,FCD1DPC,iacaatorg-yw8gz-su@mailtest.gov.uk,iacaatorg-yw8gz-newuser1@mailinator.com
iacaatorg-yw8gz,FCD1DPC,iacaatorg-yw8gz-su@mailtest.gov.uk,iacaatorg-yw8gz-newuser2@mailinator.com
iacaatorg-yw8gz,FCD1DPC,iacaatorg-yw8gz-su@mailtest.gov.uk,iacaatorg-yw8gz-newuser3@mailinator.com
iacaatorg-yw8gz,FCD1DPC,iacaatorg-yw8gz-su@mailtest.gov.uk,iacaatorg-yw8gz-newuser4@mailinator.com
iacaatorg-yw8gz,FCD1DPC,iacaatorg-yw8gz-su@mailtest.gov.uk,iacaatorg-yw8gz-newuser5@mailinator.com
iacaatorg-yw8gz,FCD1DPC,iacaatorg-yw8gz-su@mailtest.gov.uk,iacaatorg-yw8gz-newuser6@mailinator.com
iacaatorg-yw8gz,FCD1DPC,iacaatorg-yw8gz-su@mailtest.gov.uk,iacaatorg-yw8gz-newuser7@mailinator.com
iacaatorg-yw8gz,FCD1DPC,iacaatorg-yw8gz-su@mailtest.gov.uk,iacaatorg-yw8gz-newuser8@mailinator.com
iacaatorg-yw8gz,FCD1DPC,iacaatorg-yw8gz-su@mailtest.gov.uk,iacaatorg-yw8gz-newuser9@mailinator.com
